{
    "dimension": "spellbladenext:glassocean",
    "increasingDistance": 300,
    "distanceFactor": 0.1,
    "increasingTime": 60,
    "timeFactor": 0.05,
    "heightDistance": 30,
    "heightFactor": 0.1,
    "maxFactorHealth": 8.0,
    "maxFactorDamage": 8.0,
    "maxFactorProtection": 1.5,
    "maxFactorSpeed": 2.0,
    "startingFactor": 1.0,
    "startingDistance": 0,
    "startingTime": 0,
    "startingHeight": 62,
    "positiveHeightIncreasion": true,
    "negativeHeightIncreasion": true
}