{
    "dimension": "deeperdarker:otherside",
    "increasingDistance": 150,
    "distanceFactor": 0.16,
    "increasingTime": 0,
    "timeFactor": 0,
    "heightDistance": 30,
    "heightFactor": 0.1,
    "maxFactorHealth": 12,
    "maxFactorDamage": 12,
    "maxFactorProtection": 2.0,
    "maxFactorSpeed": 2.0,
    "startingFactor": 1.0,
    "startingDistance": 0,
    "startingTime": 0,
    "startingHeight": 62,
    "positiveHeightIncreasion": true,
    "negativeHeightIncreasion": true
}