{
    "dimension": "minecells:promenade",
    "increasingDistance": 225,
    "distanceFactor": 0.12,
    "increasingTime": 0,
    "timeFactor": 0,
    "heightDistance": 30,
    "heightFactor": 0.1,
    "maxFactorHealth": 8,
    "maxFactorDamage": 8,
    "maxFactorProtection": 1.55,
    "maxFactorSpeed": 2.0,
    "startingFactor": 1.0,
    "startingDistance": 0,
    "startingTime": 0,
    "startingHeight": 62,
    "positiveHeightIncreasion": true,
    "negativeHeightIncreasion": true
}