{
    "dimension": "minecraft:the_end",
    "increasingDistance": 175,
    "distanceFactor": 0.14,
    "increasingTime": 0,
    "timeFactor": 0,
    "heightDistance": 30,
    "heightFactor": 0.1,
    "maxFactorHealth": 10,
    "maxFactorDamage": 10,
    "maxFactorProtection": 1.9,
    "maxFactorSpeed": 2.0,
    "startingFactor": 1.0,
    "startingDistance": 0,
    "startingTime": 0,
    "startingHeight": 62,
    "positiveHeightIncreasion": true,
    "negativeHeightIncreasion": true
}