{
    "dimension": "minecraft:the_nether",
    "increasingDistance": 200,
    "distanceFactor": 0.125,
    "increasingTime": 0,
    "timeFactor": 0,
    "heightDistance": 30,
    "heightFactor": 0.1,
    "maxFactorHealth": 9,
    "maxFactorDamage": 9,
    "maxFactorProtection": 1.7,
    "maxFactorSpeed": 2.0,
    "startingFactor": 1.0,
    "startingDistance": 0,
    "startingTime": 0,
    "startingHeight": 62,
    "positiveHeightIncreasion": true,
    "negativeHeightIncreasion": true
}